model,date,video_url,result_url,speed,one_shot_attempts,design,architecture,code_quality,feature_complete,performance,accessibility,best_practices,value,overall_score
Deepseek-3.2,2026-04-04,https://youtu.be/ls2BWSsr2HA?si=ze3ztSwWEb5LWuaK,/deepseek-v3-2/,5,10,6,10,9,8,8,9,9,10,84
Gemma-4,2026-04-08,https://youtu.be/BVfDmL0tpzc?si=8_qK09cujhm5VTe2,/gemma-4/,4,10,3,9,8,5,8,9,10,8,74
Opus-4.6,2026-04-20,https://www.youtube.com/@slopops,/opus-v4-6/,?,?,?,?,?,?,?,?,?,?,??
Qwen-3.6-Plus,2026-04-09,https://www.youtube.com/@slopops,/qwen-v3-6-plus/,?,?,?,?,?,?,?,?,?,?,??
ChatGPT-5.3,2026-04-04,https://youtu.be/Q7bzqglKVY4,/chatgpt-v5-3/,7,10,2,9,3,2,10,9,10,7,69
Kimi-2.5,2026-04-04,https://www.youtube.com/@slopops,/kimi-v2-5/,?,?,?,?,?,?,?,?,?,?,??
Mimo-V2-Pro,2026-04-20,https://www.youtube.com/@slopops,/mimo-v2-pro/,?,?,?,?,?,?,?,?,?,?,??
Minimax-m2.7,2026-04-20,https://www.youtube.com/@slopops,/minimax-m2-7/,?,?,?,?,?,?,?,?,?,?,??
Mistral-Large-3,2026-04-20,https://www.youtube.com/@slopops,/mistral-large-3/,?,?,?,?,?,?,?,?,?,?,??
